<?xml version="1.0" encoding="UTF-8"?>

<?xml-model href="vangeli_09-10_relaxNG-2.rnc" type="application/relax-ng-compact-syntax"?>
<cookies><info>Home ​ size="dozen" amn="5" ing="cookies">Types of Recipes Original NESTLÉ® TOLL HOUSE® Chocolate Chip Cookies Original
        NTH Chocolate Chip Cookie Cookies Level Easy Prep <time>15 minutes</time> Cook <time>9
            minutes</time> Servings 5 dozen cookies The chocolate chip cookie that started it all!
        NESTLÉ® TOLL HOUSE® original chocolate chip cookies are a true classic and the go-to cookie
        for all occasions! Buy Ingredients Key Ingredients</info>
    <recipe>
        <title>Morsels and Baking Ingredients NESTLÉ® TOLL HOUSE® Semi-Sweet Chocolate
            Morsels</title> 12 oz. Where to Buy <table><title>Ingredients</title>
            <ing size="cup" amn="2.25" ingred="all-purpose flour"/>2 1/4 cups all-purpose flour
            <ing size="teaspoon" amn="1" ingred="baking soda"/>1 teaspoon baking soda
            <ing size="teaspoon" amn="1" ingred="salt"/>1 teaspoon salt
            <ing size="cup" amn="1" ingred="butter"/>1 cup (2 sticks) butter, softened
            <ing size="cup" amn=".75" ingred="granulated sugar"/>3/4 cup granulated sugar
            <ing size="cup" amn=".75" ingred="packed brown sugar"/>3/4 cup packed brown sugar
            <ing size="teaspoon" amn="1" ingred="vanilla extract"/>1 teaspoon vanilla extract
            <ing size="cup" amn="2" ingred="eggs"/>2 large eggs
            <ing size="cup" amn="2" ingred="chocolate chips"/>2 cups (12-ounce package) NESTLÉ® TOLL
                HOUSE® Semi-Sweet Chocolate Morsels <ing size="cup" amn="1" ingred="chopped nuts"
                />1 cup chopped nuts (Optional. If omitting, add 1 to 2 Tbsp. of all-purpose
                flour.)</table> Buy Ingredients Make It 
        <step num="1" type="mand" temp="357" unit="f">
            Step 1 Preheat oven to 375° F.</step>
        <step num="2" type="mand" ingred="flour;baking soda;salt;butter;graulated sugar;brown sugar; vanila extract;eggs;chocolete chips;nuts">Step 2 Combine flour, baking soda and salt in small bowl. Beat
            butter, granulated sugar, brown sugar and vanilla extract in large mixer bowl until
            creamy. Add eggs, one at a time, beating well after each addition. Gradually beat in
            flour mixture. Stir in morsels and nuts. Drop by rounded tablespoon onto ungreased
            baking sheets.</step>
        <step num="3" type="mand" bakemin="9" bakemax="11" cool="2" unit="min"> Step 3 Bake for <time>9 to 11 minutes</time> or until golden
            brown. Cool on baking sheets for <time>2 minutes</time>; remove to wire racks to cool
            completely.</step>
        <step num="4" type="opt" bakemin="8" bakemax="10" unit="min">For High Altitude Baking (5,200 feet): Increase flour to 2 1/2
            cups. Add 2 teaspoons water with flour and reduce both granulated sugar and brown sugar
            to 2/3 cup each. Bake drop cookies for <time>8 to 10 minutes</time> and pan cookie for
                <time>17 to 19 minutes</time>.</step>
    </recipe>
</cookies>
